title,description,price,image_url
Seville: Alcázar Guided Tour with Priority Entrance,Enjoy priority entrance with this guided tour of the oldest functioning royal palace in Europe and UNESCO World Heritage Site. See where parts of Game of Thrones Season 5 were filmed.,29,https://cdn.getyourguide.com/img/tour_img-2393015-97.jpg
"Seville: Alcazar, Cathedral & Giralda Guided Tour","Visit Seville's most important monuments on a 3-hour skip-the-line tour. Hear about the history behind the Alcázar, Cathedral and Giralda Tower.",39.6,https://cdn.getyourguide.com/img/tour_img-1348697-97.jpg
"Alcázar, Seville Cathedral and La Giralda Guided Tour",Discover Seville and its main monuments with an official guide. Visit the Alcazar. End at La Giralda and the majestic Seville Cathedral. Marvel at the world's largest Gothic church.,52,https://cdn.getyourguide.com/img/tour_img-1028187-97.jpg
Museum Nao Victoria: 1st Voyage Around the World,Discover the history of the first around-the-world trip. Explore the exploits achieved by Magellan and ElCano on the most important sailing trip.,5,https://cdn.getyourguide.com/img/tour_img-2759256-97.jpg
Seville Cathedral and Giralda: Skip-the-Line Ticket,Skip the long lines to one of Seville's most popular monuments with a fast-track entry ticket to the impressive cathedral and bell tower of La Giralda.,18,https://cdn.getyourguide.com/img/tour_img-907992-97.jpg
Seville Cathedral & Giralda Tower: Guided Tour and Tickets,Enjoy a skip-the-line tour of Seville Cathedral and Giralda Tower. Spend 1 hours with an official guide and marvel at the art and architecture.,29,https://cdn.getyourguide.com/img/tour_img-2826071-97.jpg
Seville: Pura Esencia Flamenco Show in Triana,"Enjoy a local flamenco show in the Triana neighborhood. Experience 1 hour of dancing, singing and guitar playing in a unique venue while you taste local white wine. Bring the whole family for a fun cultural experience.",20,https://cdn.getyourguide.com/img/tour_img-2327380-97.jpg
Seville Alcázar: Skip-the-Line Tickets and Tour,Skip the lines with your official guide and enjoy a tour of Europe's oldest royal residence. Learn about the history of this popular UNESCO site.,32,https://cdn.getyourguide.com/img/tour_img-1589049-97.jpg
Seville: Triana Tablao Flamenco Show with Drink,Get an authentic taste of Triana with a show of flamenco Andalusian art in an incomparable setting.,20,https://cdn.getyourguide.com/img/tour_img-2129217-97.jpg
"Seville: Cathedral, Giralda & Alcazar Entry With Guided Tour",Discover the rich and fascinating history of Seville with a guided visit to both the Cathedral of Seville and Alcazar.,33.6,https://cdn.getyourguide.com/img/tour_img-760714-97.jpg
Flamenco Dance Museum: Show with Optional Museum Ticket,"Experience a traditional, live flamenco performance at the best venue in Seville, an 18th-century building surrounded by orange trees and built on top of a Roman temple. Celebrate the true spirit of flamenco.",22,https://cdn.getyourguide.com/img/tour_img-2692273-97.jpg
Seville Cathedral and Giralda Tower 1-Hour Guided Tour,Visit Seville Cathedral and the Giralda Tower for a tour with an official guide. Learn about the history of these structures and climb the tower to enjoy marvelous views across the city. Admire the important works of art in the Cathedral’s many chapels.,24,https://cdn.getyourguide.com/img/tour_img-1026240-97.jpg
Seville: Alcázar and Cathedral Skip-the-Line Tickets,"Skip the long lines to some of Seville's most popular monuments with fast track entry tickets to the beautiful palace of the Alcázar, Seville Cathedral and the bell tower of La Giralda. Get breathtaking views from the top of the tower and more.",41.25,https://cdn.getyourguide.com/img/tour_img-1359513-97.jpg
Seville: Guadalquivir 1-Hour Cruise Ticket & Commentary,"See Seville from the Guadalquivir River and get lovely views of the city’s most famous monuments. Cruise under historic bridges, admire the towers of Plaza de España and see where ships carrying gold docked after their world explorations.",17,https://cdn.getyourguide.com/img/tour_img-1025148-97.jpg
Seville Cathedral and Giralda Tower Guided Tour,Enjoy a skip-the-line entrance to Seville's iconic Gothic cathedral. Learn more about this unique monument from your expert local guide and admire the cathedral's magnificent architecture. Climb La Giralda tower and take in sweeping views of Seville.,24,https://cdn.getyourguide.com/img/tour_img-1271436-97.jpg
Alcázar of Seville Guided Palace Tour,"Uncover one of Seville's hidden gems with this fantastic guided tour around the Alcázar of Seville palace, an official residence of the Spanish royal family. Admire its spectacular architecture and explore its impressive gardens!",28,https://cdn.getyourguide.com/img/tour_img-1557228-97.jpg
Seville: 24/48-Hour Hop-On Hop-Off Bus Ticket,"Explore Seville at your own pace with a 24 or 48-hour ticket for the hop-on hop-off sightseeing bus. Marvel at the mix of Christian and Islamic monuments, such as the Torre del Oro, enjoy 4 free walking tours, and access to some of the city’s attractions.",21,https://cdn.getyourguide.com/img/tour_img-312732-97.jpg
Alcázar of Seville: Fast Track Access and Guided Tour,Meet the guide early in the morning to enter the Alcázar and head directly inside to admire this cultural and architectural marvel. Learn about the history of the city as well as this UNESCO World Heritage Site as you explore the monument with your guide.,30.32,https://cdn.getyourguide.com/img/tour_img-2401390-97.jpg
Seville: Santa Cruz Jewish Quarter Walking Tour,"Discover Barrio Santa Cruz, the old Jewish Quarter of Seville, on a guided walking tour and learn more about the history of Seville before 1492.",15,https://cdn.getyourguide.com/img/tour_img-1098060-97.jpg
Seville Aquarium Admission Ticket,"The Seville Aquarium was designed around Magellan’s 16th-century voyage that was the first ever circumnavigation of the globe. See marine life from the Guadalquivir River, the Atlantic Ocean, the Amazon River and the Pacific Ocean.",13.5,https://cdn.getyourguide.com/img/tour_img-1176504-97.jpg
"Seville 1, 2 or 3 Hour - Segway Official Tour","Enjoy a tour of Seville in a fun and comfortable way, on a Segway ecological vehicle. You will be accompanied by a guide on your adventure.",30,https://cdn.getyourguide.com/img/tour_img-1541619-97.jpg
Seville: Game of Thrones and Roman Empire Italica Tour,"A guided tour of Game of Thrones' 7th and 8th season filming locations. You can get a taste of Khaleesi's dragon pit as you walk through the amphitheater arena, and discover the birthplace of Hadrian and Trajan, two famous emperors from the Roman Empire.",18,https://cdn.getyourguide.com/img/tour_img-2791516-97.jpg
Alcázar of Seville Skip-the-Line Tickets & Guided Tour,Skip the lines to the Alcázar of Seville and explore one of the finest examples of Mudéjar architecture in Spain. Journey back in time through the epochs of Spain and learn about some of the nation's heroes. Stroll through the magnificent Alcázar Gardens.,32,https://cdn.getyourguide.com/img/tour_img-1025952-97.jpg
"Seville: Minibus Tour, Aquarium and River Cruise","Discover the most emblematic monuments of Seville on a 1-hour sightseeing minibus tour, and then follow in the footsteps of Magellan at the aquarium. Cruise along the Guadalquivir River and more.",30,https://cdn.getyourguide.com/img/tour_img-1089060-97.jpg
Seville: Main Monuments Tour with Tickets Included,"Visit the Cathedral, Alcazar and Giralda, the most important monuments in Seville, on a 3-hour tour. Skip the lines and learn about the Christian and Islamic architecture.",44.8,https://cdn.getyourguide.com/img/tour_img-1510138-97.jpg
Seville: Private 1-Way Airport or Train Station Transfer,Book this private transfer in advance for travel to or from the Seville airport. You'll be met in the airport arrivals hall or your hotel lobby.,29,https://cdn.getyourguide.com/img/tour_img-983649-97.jpg
Seville: 1.5-Hour Flamenco Dance Lesson,"For a unique flamenco experience, learn by doing flamenco. Immerse yourself into flamenco dance culture. Have a guide share the dance of Flamenco. Learn by doing the basic body positions working on dance skills and the rhythm of flamenco.",36,https://cdn.getyourguide.com/img/tour_img-1750141-97.jpg
Seville: 3-Hour Tour by Electric Bike,"Get to know Seville in an informal and informative way on a guided electric bike tour around the city. Visit all the city's important sites, in addition to stopping off at some of the best-kept secrets that don't appear in guide books.",35,https://cdn.getyourguide.com/img/tour_img-181275-97.jpg
Seville: Skip-the-Line Alcazar Ticket,Marvel at the stunning Islamic architecture of the Alcazar. Skip the long lines waiting to enter one of Seville's most popular monuments.,25.63,https://cdn.getyourguide.com/img/tour_img-1359462-97.jpg
From Seville: Doñana National Park 4WD Tour,"Discover the natural beauty of Doñana National Park on a 4WD tour from Seville. Explore the entire park from north to south and look for birds such as flamingos and imperial eagles. Go to the village of El Rocío, discover a huge pristine beach and more.",79,https://cdn.getyourguide.com/img/tour_img-1726177-97.jpg
Flamenco Show at El Palacio Andaluz with Optional Dinner,"Enjoy a Flamenco Show at El Palacio Andaluz and choose to have a drink, tapas dinner or dinner à La Carte.",44,https://cdn.getyourguide.com/img/tour_img-1022841-97.jpg
Seville: Authentic & Romantic Horse-Drawn Carriage Ride,"See the main sights of Seville in a fun and romantic way on a horse and carriage ride. You’ll take in top Seville landmarks such as the Parque Maria Luisa, the Triana neighborhood, the Guadalquivir riverside area and the palatial Hotel Alfonso XIII.",100,https://cdn.getyourguide.com/img/tour_img-1142012-97.jpg
Seville: Andalusian Tapas Class,"Tapas go from appetizers to sophisticated cuisine, served in a small portion. This 3.5 hours hands-on Andalusian cooking class consists of the preparation of 4 traditional tapas, followed by a local dessert wine.",60,https://cdn.getyourguide.com/img/tour_img-416843-97.jpg
Seville: Bullring Skip-the-Line Ticket and 1-Hour Tour,"Skip the lines to the bullring in Seville. Learn more about Spanish culture, the aim of bullfighting, and what it means for the people who love it. Visit the museum and the chapel where bullfighters pray, and enter the arena as a bullfighter would.",25,https://cdn.getyourguide.com/img/tour_img-2394150-97.jpg
"Seville: Las Dueñas, Hospital de la Caridad, Casa de Salinas","Visit the only Casas Palacio Walking Route in the world. Discover the Las Dueñas Palace, Hospital de la Caridad, and Casa de Salinas with this entry ticket to all sites.",29,https://cdn.getyourguide.com/img/tour_img-2256027-97.jpg
Seville: Super Monumental Segway Tour,Enjoy a 2-hour guided segway tour of the city of Seville. Discover the city and its rich culture and history with an informative guide.,31.99,https://cdn.getyourguide.com/img/tour_img-1295370-97.jpg
Welcome to Seville: Private Tour with a Local Host,"Transform the way you travel and make it as much about the people you meet as the places you see. Explore Seville like a local with a local host and get insider tips on what to see, where to shop and much more.",30,https://cdn.getyourguide.com/img/tour_img-693515-97.jpg
White Towns of Andalusia and Ronda: Day Trip from Seville,"Follow in the footsteps of poets, artists and dreamers on a day trip to Ronda from Seville. Visit the most emblematic monuments, such as the Puente Viejo and Arco de Felipe V.",76.8,https://cdn.getyourguide.com/img/tour_img-2340690-97.jpg
Seville: Tapas and Wine Tasting Tour,"Discover the rich gastronomic culture of Seville, the city with the most restaurants per capita in the world, on this tapas tour through 3 of the city's best restaurants.",72,https://cdn.getyourguide.com/img/tour_img-1696998-97.jpg
Seville: Italica Roman Ruins City Tour,"Discover the first Roman city built in Spain 206 B.C. This city was the cradle of the two most important emperors of the Roman Empire, Hadrian and Trajan. Walk through the huge amphitheater and appreciate the impressive ruins.",18,https://cdn.getyourguide.com/img/tour_img-2791631-97.jpg
Seville: 2-Hour Monumental Segway Tour,"Enjoy the most interesting monuments of Seville on a comprehensive 2-hour Segway tour. Learn the history of the city from a local professional guide. Pass by Alcazar, Spanish square and much more.",49.99,https://cdn.getyourguide.com/img/tour_img-1073783-97.jpg
"From Seville: Day Trip to Tangier, Morocco",Experience the charms of Tangier on a day trip from Seville. Explore the historic Medina and go to the caves where the God Hercules is said to have slept. Discover a unique blend of European and African cultures and taste the delicious food.,149,https://cdn.getyourguide.com/img/tour_img-2790271-97.jpg
Alcázar of Seville 1.5-Hour Small Group Tour,"Learn the history of the oldest royal palace still in use in Europe on a 1.5-hour guided tour of the Alcázar of Seville. Hear about the Christian kings and Muslim rulers who lived in the complex, and go for a stroll in the beautiful gardens.",30,https://cdn.getyourguide.com/img/tour_img-2752061-97.jpg
"Ronda, Soul of Andalucía: Full-Day Tour from Seville","Discover Ronda, the dreamy city of poets, artists, and travelers from around the world, on a full-day trip from Seville. Visit the most emblematic monuments of the city and conclude the experience with a stop for wine tasting at the Wine Museum of Ronda.",78.4,https://cdn.getyourguide.com/img/tour_img-1467163-97.jpg
Seville: Alcazar Skip-the-Line Guided Tour with Tickets,"Skip the long lines to Seville’s Alcazar on a 1,5-hour guided tour, and journey through the history of one of Spain’s most exquisite buildings. Learn about the Almohad era, and the great kings of Spain that took up residence behind its walls.",40,https://cdn.getyourguide.com/img/tour_img-2815271-97.jpg
Sevilla Daily 3-Hour Bike Tour,"Get to know Sevilla in an informal and informative way on a 3-hour bike tour around the city. With your group, you will visit all the city's important sites, in addition to stopping off at some of the best-kept secrets that don't appear in guide books.",25,https://cdn.getyourguide.com/img/tour_img-1363656-97.jpg
Seville: 3–Hour Sightseeing Tour,"Explore Seville's most historic monuments, from Plaza del Salvador, Plaza de San Francisco and Plaza Nueva, to the old tobacco factory and Prado de San Sebastián.",24.99,https://cdn.getyourguide.com/img/tour_img-754813-97.jpg
Seville 2.5-Hour City Bike Tour,"Explore Seville by city bike on a 2.5-hour tour and see more of the city than you would on a walking tour. Cycle from the historic Barrio Santa Cruz through the Jardines de Murillo, go to the Parque María Luisa, Torre del Oro and much more.",25,https://cdn.getyourguide.com/img/tour_img-181723-97.jpg
From Seville: Day Trip to Gibraltar,"See the sights of Gibraltar on a day trip from Seville and experience the gateway to Africa from Europe. Explore the caves of San Miguel, encounter the barbary monkeys on the Rock of Gibraltar, and enjoy some free time to shop on Main Street.",101.4,https://cdn.getyourguide.com/img/tour_img-2315152-97.jpg
Seville: Panoramic Segway Tour,See the top sights of Seville on a guided Segway tour. Glide along with a professional local guide on a panoramic tour of the capital of Andalucia.,29.99,https://cdn.getyourguide.com/img/tour_img-1573089-97.jpg
From Seville: Full-Day Tour of Córdoba and Carmona,"Discover the beauty of Córdoba on a full-day tour from Seville. Journey to the capital of the Omeyas caliphate, once the biggest city in the world. See the Mosque-Cathedral of Córdoba, travel through the stunning Andalusian countryside and visit Carmona.",95,https://cdn.getyourguide.com/img/tour_img-2789981-97.jpg
Seville Cathedral and Alcázar of Seville Guided Tour,"Visit the most important must-see monuments of Seville. Tour the Royal Alcazar Palace where the Royal Family resides, as well as Seville Cathedral, both of which are UNESCO World Heritage sites. This guided tour includes skip-the-line tickets.",36,https://cdn.getyourguide.com/img/tour_img-2222967-97.jpg
Pueblos Blancos and Ronda: Full-Day Trip from Seville,"Travel through the ancient Andalusian kingdoms of Castille and Granada, while enjoying the natural beauty and learning about the region’s history. Visit the white villages, the Grazalema forest and mountains, and the ancient town of Ronda.",75,https://cdn.getyourguide.com/img/tour_img-1098186-97.jpg
Seville Pure Flamenco Tour,Enjoy the authentic flamenco of Seville with an introduction to flamenco history.,35,https://cdn.getyourguide.com/img/tour_img-1501129-97.jpg
Off the Beaten Path & Market Walking Tour,"Discover hidden corners in the old neighborhoods of Seville on a 2-hour walking tour with an alternative twist. See art workshops, explore where the city’s residents get creative, and wander the streets of some of the most characteristic districts.",48.2,https://cdn.getyourguide.com/img/tour_img-1143143-97.jpg
Highlights of Seville Monuments Guided Tour,Explore the most significant monuments and buildings in Seville with your expert guide. From the exquisite confines of the Alcázar of Seville to the ancient Jewish quarter and the tomb of Christopher Columbus in the Cathedral.,190,https://cdn.getyourguide.com/img/tour_img-2165057-97.jpg
Seville: Premium 3-Hour Segway Tour,Glide through historical Seville on a premium 3-hour Segway tour. You can discover the interesting history of select monuments from your experienced and local guide.,59.99,https://cdn.getyourguide.com/img/tour_img-1308173-97.jpg
From Seville: Italica Roman City Tour,"Discover Italica, the first authentic Roman city in Spain, on a 4-hour tour from Seville. Explore the ruins and the Roman theater and amphitheater.",31.5,https://cdn.getyourguide.com/img/tour_img-2376755-97.jpg
Seville: Triana District Walking Tour,"Join in on a 2.5-hour walking tour of the Triana District in Seville. Learn about the district's history and architecture, while you walk through the beautiful streets that have been home to generations of explorers, flamenco dancers, and bullfighters.",14,https://cdn.getyourguide.com/img/tour_img-2333500-97.jpg
Seville: Guided Tour with Cathedral & Giralda Entrance,Discover the rich and fascinating history of Seville with a guided visit to the Cathedral of Seville.,17.6,https://cdn.getyourguide.com/img/tour_img-768562-97.jpg
Seville: Triana Walking Tour & Eco Cruise,"Come along to discover the other riverside of the Guadalquivir and the fascinating Triana, a neighborhood with an important and remarkable character during a walking tour and cruise in a silent ecofriendly boat.",40,https://cdn.getyourguide.com/img/tour_img-349267-97.jpg
From Seville: Alhambra Palace and Albaycin Tour,Discover 2 different sides to the beautiful city of Granada on this 13-hour tour from Seville. Visit the Alhambra Palace and the Generalife Gardens and the interesting district of Albaycin with an official tourist guide.,111.2,https://cdn.getyourguide.com/img/tour_img-699005-97.jpg
Granada: Full-Day Trip from Seville with Transfers,"Take a day from your Seville holiday for an excursion to Granada, home to medieval monuments dating from the Moorish occupation of Spain. Tour the Alhambra, Alcazaba, and Generalife Gardens with a local guide, and enjoy some free time in Granada as well.",135,https://cdn.getyourguide.com/img/tour_img-2412875-97.jpg
Seville: Highlights Bike Tour with Local Guide,"Cycle the historic streets of Seville and see all the main sights on a 2-hour guided tour. Pedal along the banks of the Guadalquivir River, stop to admire monuments such as the bullring, historic city center, and more.",25,https://cdn.getyourguide.com/img/tour_img-2771796-97.jpg
Skip-the-Long-Line Tour of Seville Cathedral & Giralda Tower,Enjoy a guided visit to the Cathedral of Seville and the Giralda Bell Tower. A knowledgeable local guide will tell you about the origins of the cathedral as a mosque in the 12th century and show you some of the important pieces of art inside.,33,https://cdn.getyourguide.com/img/tour_img-1098141-97.jpg
Artistic Seville 3-Hour Sightseeing Tour and Cruise,"Discover the art and artistry of Seville on a combined 3-hour sightseeing tour and cruise. Glide down the Guadalquivir River, visit the old bull ring of Real Maestranza, cross the Isabel II Bridge to the bohemian enclave of Triana, and more.",34,https://cdn.getyourguide.com/img/tour_img-360411-97.jpg
From Seville: Caminito del Rey Full-Day Hike,Brave the recently renovated walkways of the El Caminito del Rey walking trail. Experience the dramatic scenery of a formerly near-impossible path during a safe hike through Los Gaitanes and El Chorro gorges.,80,https://cdn.getyourguide.com/img/tour_img-1380156-97.jpg
Horse-Drawn Carriage Ride Through Seville,"Experience one of the most authentic experiences of Seville. Travel through the historic city center on a horse-drawn carriage, the most charming transport in Seville.",79,https://cdn.getyourguide.com/img/tour_img-1507918-97.jpg
Half-Day Wine Tour in Andalusia,"On this half-day excursion, you will travel through the region outside Seville to the south-west of Andalusia to traditional wineries. Taste wine and learn about the production processes. Enjoy the beautiful countryside en route. Perfect for wine-lovers.",69,https://cdn.getyourguide.com/img/tour_img-953957-97.jpg
Seville: Yacht Cruise Along the Guadalquivir,"Relax on a scenic yacht cruise whilst taking in the beauty of the Guadalquivir river. Aboard your 20-meter long yacht, you can enjoy dinner (optional) whilst marvelling at monuments like the Gold Tower, Real Maestranza, and Triana's bridge.",39,https://cdn.getyourguide.com/img/tour_img-1435181-97.jpg
From Algarve: Seville City Guided Tour,"Cross the Spanish border to discover the enchanting territory of Andalusia and explore the charming city of Seville. With an expert guide, visit some of the regions most beloved sites including Maria Luísa Park and Bairro de Santa Cruz.",43,https://cdn.getyourguide.com/img/tour_img-1997932-97.jpg
Fascinating Seville Full-Day Sightseeing Tour,"Discover the most emblematic monuments of Seville on a 7-hour sightseeing tour. Stroll around the Jewish Quarter, take a boat trip down the Guadalquivir River, see the impressive Alcazar, and the beautiful tiles of Plaza de España, and much more.",87,https://cdn.getyourguide.com/img/tour_img-352859-97.jpg
